Ariana;Glover;eu.tellus@convalliserat.net
Kaye;Benton;Quisque.imperdiet@nulla.co.uk
Aquila;Watson;massa.Suspendisse.eleifend@velitPellentesqueultricies.co.uk
Ronan;Foreman;sed.leo@rhoncusidmollis.co.uk
Britanni;Rhodes;neque.Nullam@iaculislacuspede.co.uk
Igor;Long;at.auctor.ullamcorper@Maurisvestibulum.edu
Xantha;Sampson;sagittis@consequat.net
Alisa;Shelton;semper@anteipsumprimis.ca
Clio;Jimenez;sit.amet.metus@velarcu.org
Simone;Gonzales;justo.Proin@tinciduntnuncac.ca
Travis;Young;tellus.justo@adipiscing.com
Finn;Strong;ligula.Aenean@ridiculusmusAenean.org
Lysandra;Buckner;lorem.ut@suscipit.net
Bethany;Fernandez;at.arcu@id.edu
Petra;Ratliff;sit.amet.faucibus@Cras.edu
Steven;Rojas;mollis@morbitristique.co.uk
Dalton;Aguirre;scelerisque@vitae.edu
Uriah;Frazier;sem.eget.massa@arcuVivamussit.com
Timothy;Gilmore;et.libero@Duis.edu
Rhona;Maldonado;nec@justoPraesentluctus.ca
Belle;Charles;at@tristiquealiquet.org
Aquila;Keith;volutpat@vitae.ca
Meghan;Combs;adipiscing.enim@nullaInteger.co.uk
Keelie;Vang;sapien.Aenean.massa@magnisdisparturient.co.uk
Imelda;Pitts;magna.malesuada@Classaptenttaciti.org
Clio;England;nibh.lacinia.orci@convallis.co.uk
Michelle;Noble;tincidunt.nunc@mattisornare.edu
Keegan;Robertson;adipiscing@Curabitur.org
Wanda;Noel;Suspendisse@elementum.edu
Elvis;Bryan;lectus.sit.amet@Nam.ca
Marshall;Davis;aptent@magnaDuis.net
Barclay;Clay;tellus.lorem.eu@lorem.ca
Bernard;Frank;in@velmaurisInteger.edu
Rhoda;Warner;at@elitelit.net
Oscar;Sandoval;adipiscing.elit.Etiam@orci.net
Ashely;Ross;enim@pede.net
Ivor;Kirby;nec@Crasconvallisconvallis.com
Halla;Frost;lorem.auctor.quis@dictum.com
Griffin;Scott;eu.odio.tristique@indolorFusce.com
Shelby;Beard;dolor.Nulla.semper@vitaemauris.com
Christen;Delacruz;purus@Curabitursed.net
Sharon;Jensen;lorem.Donec@sagittis.com
Sarah;Barr;semper@molestie.edu
Keefe;Mejia;Etiam.imperdiet.dictum@primisinfaucibus.com
Emerald;Ashley;at@Sednec.edu
Darryl;Gibson;malesuada.fames.ac@orcilobortis.ca
Alfonso;Mendez;mus.Donec@etipsum.edu
Todd;Holt;ullamcorper.magna.Sed@Aenean.com
Kevin;Byrd;eu@congueInscelerisque.com
Emerson;Farmer;hendrerit.consectetuer.cursus@eu.org
Hunter;Stuart;amet@odio.ca
Emery;Gonzalez;nunc@eget.net
Abbot;Vaughn;aliquet.molestie@loremvehiculaet.co.uk
Beatrice;Simmons;libero.Morbi@semper.ca
Sybill;Salinas;risus@ullamcorper.co.uk
Shaeleigh;Cruz;ultrices.posuere.cubilia@duinectempus.co.uk
Octavius;Robles;convallis.convallis.dolor@ametfaucibus.com
Pascale;Lynch;Nunc@anunc.net
Mariko;Carter;nisi@purusmaurisa.co.uk
Rudyard;Manning;dolor.egestas@tempordiamdictum.org
Declan;Whitehead;Nulla@vulputate.ca
Grant;Mercado;a.feugiat@arcuimperdietullamcorper.edu
Gay;Chase;arcu.iaculis@sed.co.uk
Logan;Avila;nec.tempus@venenatislacusEtiam.ca
Martina;Rowland;Aenean.eget.magna@temporeratneque.net
Finn;Estrada;luctus@conubianostraper.net
Riley;Key;erat.eget@pedeSuspendissedui.org
Cassidy;Spencer;lectus.convallis@nulla.com
Sydnee;Ford;amet.risus@enimCurabiturmassa.edu
Chancellor;Ruiz;Nulla.eget@feugiatplacerat.co.uk
Colton;Haynes;viverra.Donec@afelisullamcorper.com
Baker;Moran;id.ante.Nunc@risusInmi.co.uk
Kuame;Terry;luctus@nibhlacinia.net
Kuame;Carver;natoque@fermentumvel.ca
Lamar;Ingram;metus.Aenean@ligulaAenean.net
Keiko;Elliott;enim@ataugue.net
Mason;Valenzuela;at.iaculis.quis@gravidanonsollicitudin.net
